date,open,high,low,close,volume,oi,SYMBOL,MA_VOL,MA_OI,RSI,VWAP
2023-10-30 09:15:00,111.25,111.25,81.3,92.25,205650,576800,NIFTY23N0919200CE,,,,94.93333333333334
2023-10-30 09:20:00,91.8,96.45,82.35,84.15,185000,622100,NIFTY23N0919200CE,,,,91.48416741328555
2023-10-30 09:25:00,83.65,88.3,82.25,82.25,116300,679800,NIFTY23N0919200CE,,,,89.82839201762172
2023-10-30 09:30:00,81.8,81.8,70.2,71.35,209300,704100,NIFTY23N0919200CE,,,,85.3345735892961
2023-10-30 09:35:00,71.35,72.75,67.75,72.3,148950,743850,NIFTY23N0919200CE,,,,82.85530320542458
2023-10-30 09:40:00,72.3,73.8,65.4,66.75,158400,801600,NIFTY23N0919200CE,,,4.323940520784512,80.65706167773871
2023-10-30 09:45:00,66.05,71.0,65.5,68.9,138950,830000,NIFTY23N0919200CE,,,17.012878959103,79.20004444253294
2023-10-30 09:50:00,68.8,70.1,65.7,68.9,144200,900250,NIFTY23N0919200CE,,,17.012878959102995,77.98986671768382
2023-10-30 09:55:00,68.9,71.45,68.45,69.0,269950,1103700,NIFTY23N0919200CE,,,17.80510374890529,76.55912771400182
2023-10-30 10:00:00,68.8,76.3,68.3,73.65,352500,1139700,NIFTY23N0919200CE,192920.0,810190.0,47.137536934990656,75.86313065864954
2023-10-30 10:05:00,73.65,75.5,70.75,74.7,75250,1232950,NIFTY23N0919200CE,179880.0,875805.0,51.974993008437245,75.78004647991551
2023-10-30 10:10:00,74.7,88.3,74.6,85.0,204700,1211650,NIFTY23N0919200CE,181850.0,934760.0,77.36900242919117,76.41507253921192
2023-10-30 10:15:00,85.05,96.45,81.3,93.4,161850,1215250,NIFTY23N0919200CE,186405.0,988305.0,85.2953202773371,77.36857865879375
2023-10-30 10:20:00,93.4,105.0,92.25,99.6,218100,1187500,NIFTY23N0919200CE,187285.0,1036645.0,88.88652447197691,79.18654938009347
2023-10-30 10:25:00,99.8,103.45,94.35,101.35,156700,1119450,NIFTY23N0919200CE,188060.0,1074205.0,89.76817039053643,80.35818219341054
2023-10-30 10:30:00,101.4,104.3,99.05,102.15,86650,1113000,NIFTY23N0919200CE,180885.0,1105345.0,90.21188655414717,81.01514766368338
2023-10-30 10:35:00,102.0,102.15,96.0,97.05,67900,1116500,NIFTY23N0919200CE,173780.0,1133995.0,67.0433794657984,81.42214387918699
2023-10-30 10:40:00,97.45,104.35,96.6,102.8,96150,1106300,NIFTY23N0919200CE,168975.0,1154600.0,75.80178866434812,82.05836893041882
2023-10-30 10:45:00,103.0,121.0,102.8,116.4,211300,1055950,NIFTY23N0919200CE,163110.0,1149825.0,86.4489877520034,84.1228638007357
2023-10-30 10:50:00,116.4,117.0,110.0,110.65,90200,1056100,NIFTY23N0919200CE,136880.0,1141465.0,70.13909160379106,84.9003433899333
2023-10-30 10:55:00,110.65,119.6,110.55,112.2,94900,1063000,NIFTY23N0919200CE,138845.0,1124470.0,71.92393991620906,85.71752900665115
2023-10-30 11:00:00,112.9,117.0,102.0,108.05,108950,1056500,NIFTY23N0919200CE,129270.0,1108955.0,59.93443788078357,86.44241472364607
2023-10-30 11:05:00,107.8,114.0,106.05,109.45,45100,1054900,NIFTY23N0919200CE,117595.0,1092920.0,62.5658315101788,86.73983375388244
2023-10-30 11:10:00,109.45,113.0,106.3,106.8,52000,1063650,NIFTY23N0919200CE,100985.0,1080535.0,54.15094153173268,87.0571286995744
2023-10-30 11:15:00,106.8,111.7,104.5,107.8,38100,1071800,NIFTY23N0919200CE,89125.0,1075770.0,56.88616027188469,87.27651622422934
2023-10-30 11:20:00,107.0,114.9,107.0,114.45,24950,1070650,NIFTY23N0919200CE,82955.0,1071535.0,71.17864407439845,87.44575755507009
2023-10-30 11:25:00,114.2,120.1,111.5,118.05,157450,1071750,NIFTY23N0919200CE,91910.0,1067060.0,76.45943284451084,88.64552793377756
2023-10-30 11:30:00,118.05,127.25,117.0,124.9,103850,1102950,NIFTY23N0919200CE,92680.0,1066725.0,83.60450941568145,89.55621649291838
2023-10-30 11:35:00,125.1,125.65,120.3,125.55,72300,1090450,NIFTY23N0919200CE,78780.0,1070175.0,84.17426254622033,90.17645764507625
2023-10-30 11:40:00,125.8,126.3,120.5,125.0,35050,1084200,NIFTY23N0919200CE,73265.0,1072985.0,81.19008508192172,90.4700029771873
2023-10-30 11:45:00,125.0,125.0,117.5,121.3,32400,1081650,NIFTY23N0919200CE,67015.0,1074850.0,62.544252509674294,90.71558496695832
2023-10-30 11:50:00,121.3,123.0,118.75,121.75,18950,1081850,NIFTY23N0919200CE,58015.0,1077385.0,63.807864661307256,90.85694900375633
2023-10-30 11:55:00,121.75,127.75,120.0,126.2,35450,1086100,NIFTY23N0919200CE,57050.0,1080505.0,74.45891050887828,91.14789695887826
2023-10-30 12:00:00,126.55,133.4,125.8,131.4,102600,1072300,NIFTY23N0919200CE,62110.0,1081370.0,82.13740335579365,92.09735153216984
2023-10-30 12:05:00,131.4,132.5,127.2,128.4,57300,1053350,NIFTY23N0919200CE,64030.0,1079525.0,67.50265264735724,92.59661667465447
2023-10-30 12:10:00,128.4,128.5,120.4,122.7,46850,1050950,NIFTY23N0919200CE,66220.0,1077555.0,47.43141819596107,92.93540809089929
2023-10-30 12:15:00,122.7,123.3,108.6,111.7,82950,1068400,NIFTY23N0919200CE,58770.0,1077220.0,27.620287005816945,93.34191749013914
2023-10-30 12:20:00,111.7,122.3,110.9,121.25,47450,1067200,NIFTY23N0919200CE,53130.0,1073645.0,50.19552114145103,93.60617096185217
2023-10-30 12:25:00,121.25,124.15,118.3,121.1,19900,1066200,NIFTY23N0919200CE,47890.0,1071220.0,49.890010108231785,93.72881830372108
2023-10-30 12:30:00,121.1,123.5,112.9,117.65,39150,1064450,NIFTY23N0919200CE,48300.0,1069245.0,42.46014027785361,93.93948356651491
2023-10-30 12:35:00,117.65,125.5,117.65,122.0,40450,1063450,NIFTY23N0919200CE,49105.0,1067425.0,53.39840784655058,94.18620345769014
2023-10-30 12:40:00,122.0,124.25,120.0,124.25,13650,1068100,NIFTY23N0919200CE,48575.0,1066050.0,58.499219448420654,94.27181088427928
2023-10-30 12:45:00,124.25,127.4,122.5,127.4,23650,1066800,NIFTY23N0919200CE,47395.0,1064120.0,65.17068838323996,94.43403881895136
2023-10-30 12:50:00,127.25,129.0,123.75,123.75,44950,1064400,NIFTY23N0919200CE,41630.0,1063330.0,52.86224505510325,94.73522724413242
2023-10-30 12:55:00,123.75,128.2,122.0,127.0,18400,1066150,NIFTY23N0919200CE,37740.0,1064610.0,61.04990586951706,94.85776124747123
2023-10-30 13:00:00,127.0,128.3,123.5,127.4,23350,1067750,NIFTY23N0919200CE,35390.0,1066290.0,62.06366087388445,95.01519936868957
2023-10-30 13:05:00,127.4,127.95,124.2,125.0,19300,1069300,NIFTY23N0919200CE,29025.0,1066380.0,51.92731092063655,95.14134113197372
2023-10-30 13:10:00,124.9,129.0,124.85,126.8,29350,1071550,NIFTY23N0919200CE,27215.0,1066815.0,58.31055685586222,95.33843796830098
2023-10-30 13:15:00,126.6,128.05,124.25,127.0,21050,1071700,NIFTY23N0919200CE,27330.0,1067365.0,59.06547594950677,95.47630130446382
2023-10-30 13:20:00,127.0,132.0,125.55,126.0,51200,1073450,NIFTY23N0919200CE,28535.0,1068265.0,53.06032114766736,95.8216927137598
2023-10-30 13:25:00,126.0,129.3,126.0,126.0,24050,1077300,NIFTY23N0919200CE,26895.0,1069650.0,53.06032114766735,95.97766109273869
2023-10-30 13:30:00,125.9,136.2,123.9,133.45,104250,1088300,NIFTY23N0919200CE,35955.0,1071670.0,78.50251219269646,96.72252974922033
2023-10-30 13:35:00,133.45,136.7,130.05,131.8,47050,1088950,NIFTY23N0919200CE,38295.0,1073885.0,68.25975649062312,97.06424222930299
2023-10-30 13:40:00,131.8,134.7,127.0,129.45,41850,1089000,NIFTY23N0919200CE,37985.0,1076345.0,55.392687560498835,97.34222236620018
2023-10-30 13:45:00,128.95,132.7,126.0,127.7,32150,1087300,NIFTY23N0919200CE,39360.0,1078460.0,47.12398934916795,97.54255862476518
2023-10-30 13:50:00,127.7,128.2,120.5,126.6,51850,1092450,NIFTY23N0919200CE,42210.0,1080930.0,42.177162462670125,97.8227149588905
2023-10-30 13:55:00,126.85,127.35,122.6,126.25,23250,1098500,NIFTY23N0919200CE,42605.0,1083850.0,40.48678637026793,97.94785951523549
2023-10-30 14:00:00,126.25,127.2,118.05,118.05,30300,1097700,NIFTY23N0919200CE,42700.0,1086465.0,18.625638222730142,98.0839759075107
2023-10-30 14:05:00,118.55,124.8,116.65,124.3,31450,1097350,NIFTY23N0919200CE,43740.0,1089030.0,46.26773516990784,98.22852927563063
2023-10-30 14:10:00,124.4,127.0,123.0,124.75,27200,1098150,NIFTY23N0919200CE,41340.0,1091500.0,47.86171435867459,98.36779666436446
2023-10-30 14:15:00,124.75,126.2,120.2,123.55,29350,1100450,NIFTY23N0919200CE,41870.0,1093815.0,43.554835797537024,98.50749224972576
2023-10-30 14:20:00,123.55,126.6,120.5,122.2,35600,1110650,NIFTY23N0919200CE,35005.0,1096050.0,38.662394142418506,98.67338863255232
2023-10-30 14:25:00,122.15,124.0,118.0,121.4,49600,1116200,NIFTY23N0919200CE,35260.0,1098775.0,35.69255363405767,98.88251641808789
2023-10-30 14:30:00,121.4,124.4,120.7,123.5,23300,1117100,NIFTY23N0919200CE,33405.0,1101585.0,48.63820475267443,98.98696587386883
2023-10-30 14:35:00,123.6,126.95,122.7,124.15,48150,1106300,NIFTY23N0919200CE,35005.0,1103485.0,52.34956870602438,99.21541645055325
2023-10-30 14:40:00,124.15,129.6,124.15,129.45,35150,1110050,NIFTY23N0919200CE,33335.0,1105245.0,72.55931400754575,99.39990077082817
2023-10-30 14:45:00,129.9,130.25,126.0,129.55,26950,1114300,NIFTY23N0919200CE,33705.0,1106825.0,72.83108335347197,99.5440162683515
2023-10-30 14:50:00,129.45,131.4,126.0,127.9,48750,1119700,NIFTY23N0919200CE,35550.0,1109025.0,60.477491910738514,99.79965073890881
2023-10-30 14:55:00,127.9,130.0,125.5,129.5,52800,1123150,NIFTY23N0919200CE,37685.0,1111605.0,67.21755365097975,100.0705182142076
2023-10-30 15:00:00,130.2,137.0,127.8,134.45,106600,1116600,NIFTY23N0919200CE,45625.0,1113450.0,80.24558473401208,100.69133024029824
2023-10-30 15:05:00,134.05,136.7,131.15,133.8,126900,1126650,NIFTY23N0919200CE,55380.0,1116070.0,75.33161076645109,101.4181059893654
2023-10-30 15:10:00,133.8,134.9,132.05,132.8,85600,1130650,NIFTY23N0919200CE,60380.0,1118070.0,67.39498434386257,101.88141845840808
2023-10-30 15:15:00,132.75,134.95,128.75,132.1,118350,1108950,NIFTY23N0919200CE,67255.0,1117345.0,61.70648699368815,102.47424188126787
2023-10-30 15:20:00,132.0,135.4,131.4,134.45,65400,1109850,NIFTY23N0919200CE,71465.0,1116620.0,71.72243102443664,102.81149964000505
2023-10-30 15:25:00,134.5,138.05,134.3,138.05,134150,1100750,NIFTY23N0919200CE,80065.0,1116065.0,81.15901681599351,103.54702481294176
2023-10-31 09:15:00,176.5,176.5,135.55,138.35,591950,1066850,NIFTY23N0919200CE,135745.0,1111745.0,81.79196008522521,150.13333333333333
2023-10-31 09:20:00,138.35,144.95,130.25,137.05,342950,1124600,NIFTY23N0919200CE,167345.0,1112775.0,69.19985059347134,145.4684698898278
2023-10-31 09:25:00,137.0,137.55,127.8,132.8,194000,1179900,NIFTY23N0919200CE,181870.0,1118795.0,42.476451609759806,143.27708905424157
2023-10-31 09:30:00,132.55,134.7,121.2,124.35,307800,1197300,NIFTY23N0919200CE,207370.0,1126210.0,21.67427179721107,139.73630948237857
2023-10-31 09:35:00,125.1,138.85,123.4,135.75,262050,1196800,NIFTY23N0919200CE,222915.0,1134230.0,57.10255903629575,138.64574294824624
2023-10-31 09:40:00,135.0,137.0,128.4,133.25,264300,1301300,NIFTY23N0919200CE,236655.0,1151695.0,50.80338591816068,137.86990694752214
2023-10-31 09:45:00,134.2,134.35,113.95,123.3,240650,1314050,NIFTY23N0919200CE,252160.0,1170035.0,32.80158679701161,136.34071523649618
2023-10-31 09:50:00,122.9,123.25,116.5,117.25,148700,1335950,NIFTY23N0919200CE,255195.0,1192735.0,25.84189613619779,135.24457327268604
2023-10-31 09:55:00,117.45,118.8,110.75,118.5,162900,1362950,NIFTY23N0919200CE,264945.0,1218045.0,29.694455259171896,133.99930392663563
2023-10-31 10:00:00,118.5,124.3,115.0,122.85,164050,1350100,NIFTY23N0919200CE,267935.0,1242980.0,42.65383783359205,133.18604076859435
2023-10-31 10:05:00,122.5,122.5,108.9,110.15,112700,1359450,NIFTY23N0919200CE,220010.0,1272240.0,25.500045086440753,132.40554908878184
2023-10-31 10:10:00,110.15,112.35,104.2,109.7,188300,1409400,NIFTY23N0919200CE,204545.0,1300720.0,25.053778789148826,130.91097969477858
2023-10-31 10:15:00,109.7,114.45,106.5,107.75,112950,1411050,NIFTY23N0919200CE,196440.0,1323835.0,22.884448397972708,130.13160486643176
2023-10-31 10:20:00,108.0,113.0,102.25,105.15,113150,1423400,NIFTY23N0919200CE,176975.0,1346445.0,19.99844150705468,129.30827342803826
2023-10-31 10:25:00,105.05,110.05,103.0,106.75,81600,1416400,NIFTY23N0919200CE,158930.0,1368405.0,27.073038152367854,128.74471900771988
2023-10-31 10:30:00,106.85,106.85,99.65,103.8,135000,1417600,NIFTY23N0919200CE,146000.0,1380035.0,22.48955056837979,127.74647560898418
2023-10-31 10:35:00,104.2,108.3,101.35,107.85,91700,1411250,NIFTY23N0919200CE,131105.0,1389755.0,39.93940207683749,127.17476065153994
2023-10-31 10:40:00,107.1,107.25,95.6,95.85,137750,1430500,NIFTY23N0919200CE,130010.0,1399210.0,21.77945167518905,126.13355190508783
2023-10-31 10:45:00,95.9,99.55,95.4,98.3,70400,1436150,NIFTY23N0919200CE,120760.0,1406530.0,29.912418900174195,125.59681923590033
2023-10-31 10:50:00,98.3,100.9,96.9,98.65,70750,1447200,NIFTY23N0919200CE,111430.0,1416240.0,31.190009295752425,125.09738049108378
2023-10-31 10:55:00,98.65,104.65,98.6,104.2,52650,1448800,NIFTY23N0919200CE,105425.0,1425175.0,49.45327818615739,124.78782856251462
2023-10-31 11:00:00,104.25,105.6,99.45,104.5,79300,1453750,NIFTY23N0919200CE,94525.0,1429610.0,50.343788353107406,124.35140190883772
2023-10-31 11:05:00,104.1,108.55,101.7,105.45,91500,1460750,NIFTY23N0919200CE,92380.0,1434580.0,53.58088110617833,123.91593769966725
2023-10-31 11:10:00,105.9,106.15,100.75,103.35,95950,1471800,NIFTY23N0919200CE,90660.0,1439420.0,45.40250502439709,123.43772686935486
2023-10-31 11:15:00,103.8,105.7,100.8,101.35,76950,1495600,NIFTY23N0919200CE,90195.0,1447340.0,38.42103333021936,123.05534486873508
2023-10-31 11:20:00,101.35,110.1,99.4,109.45,86750,1497500,NIFTY23N0919200CE,85370.0,1455330.0,65.3749754909914,122.71581594279145
2023-10-31 11:25:00,109.45,110.1,104.95,108.65,68850,1497000,NIFTY23N0919200CE,83085.0,1463905.0,62.023316238517125,122.48107990457781
2023-10-31 11:30:00,108.65,109.0,103.2,106.2,36100,1494750,NIFTY23N0919200CE,72920.0,1470330.0,51.84763719309676,122.34639390343169
2023-10-31 11:35:00,106.2,107.45,101.85,103.8,64900,1515900,NIFTY23N0919200CE,72370.0,1478305.0,43.17425573706947,122.08397221097769
2023-10-31 11:40:00,103.75,105.5,98.55,100.65,77150,1518500,NIFTY23N0919200CE,73010.0,1485435.0,33.87668134759639,121.73406115869945
2023-10-31 11:45:00,100.45,101.4,92.5,93.15,116050,1523250,NIFTY23N0919200CE,79350.0,1492880.0,20.64490013600552,121.08248415879994
2023-10-31 11:50:00,93.6,96.9,93.2,93.45,96350,1533800,NIFTY23N0919200CE,81055.0,1500885.0,22.16496658260985,120.54204170757544
2023-10-31 11:55:00,92.95,96.85,90.7,95.8,83550,1552550,NIFTY23N0919200CE,80260.0,1510065.0,34.45811865562763,120.08973345505599
2023-10-31 12:00:00,95.8,99.75,93.65,99.75,57100,1561800,NIFTY23N0919200CE,76375.0,1519065.0,50.78843395331647,119.82777846128609
2023-10-31 12:05:00,99.75,99.75,96.3,98.55,47000,1576800,NIFTY23N0919200CE,73380.0,1527185.0,46.39835423794408,119.62133108574677
2023-10-31 12:10:00,98.75,99.0,93.65,94.1,46450,1576750,NIFTY23N0919200CE,69350.0,1535110.0,33.125620446617695,119.39668142112235
2023-10-31 12:15:00,94.1,101.25,92.3,99.6,66250,1579250,NIFTY23N0919200CE,69090.0,1543335.0,53.62217545316424,119.11150302789636
2023-10-31 12:20:00,99.6,103.5,97.75,101.85,60300,1582850,NIFTY23N0919200CE,71510.0,1552145.0,59.9060786030476,118.89762105634908
2023-10-31 12:25:00,101.85,102.7,95.7,96.15,51250,1570500,NIFTY23N0919200CE,70145.0,1557605.0,41.919818955408594,118.69140564550332
2023-10-31 12:30:00,96.15,98.2,95.8,97.3,20850,1572400,NIFTY23N0919200CE,64515.0,1562995.0,46.008019769300915,118.60431152340603
2023-10-31 12:35:00,97.3,105.1,97.3,105.1,41500,1572650,NIFTY23N0919200CE,57060.0,1567935.0,66.18686975241587,118.47604326603205
2023-10-31 12:40:00,105.15,105.5,98.1,100.7,54750,1567200,NIFTY23N0919200CE,52900.0,1571275.0,52.38237722265353,118.29882355361829
2023-10-31 12:45:00,100.3,101.0,96.05,98.0,45650,1568600,NIFTY23N0919200CE,49110.0,1572880.0,45.15794279139492,118.12734961462178
2023-10-31 12:50:00,98.0,99.5,96.8,99.1,32450,1575450,NIFTY23N0919200CE,46645.0,1574245.0,48.757026183613696,118.00794865796409
2023-10-31 12:55:00,99.1,101.65,99.1,100.25,28950,1572000,NIFTY23N0919200CE,44840.0,1573765.0,52.804584838909086,117.91270274127297
2023-10-31 13:00:00,100.0,103.45,99.25,102.05,22800,1570950,NIFTY23N0919200CE,42475.0,1573185.0,59.1219209314744,117.84369261662032
2023-10-31 13:05:00,102.05,105.45,100.7,104.5,107650,1551700,NIFTY23N0919200CE,46615.0,1570430.0,66.70459041125515,117.564060801008
2023-10-31 13:10:00,104.5,107.1,102.0,103.0,84600,1551800,NIFTY23N0919200CE,49045.0,1567325.0,58.412356214814054,117.35918370695184
2023-10-31 13:15:00,103.0,106.65,102.65,105.5,36950,1552150,NIFTY23N0919200CE,47615.0,1565490.0,66.96732367558899,117.27754806609533
2023-10-31 13:20:00,105.5,105.5,94.65,95.0,105800,1548650,NIFTY23N0919200CE,56110.0,1563115.0,32.19622922256815,116.92868106457243
2023-10-31 13:25:00,95.0,106.35,93.0,105.65,160950,1543100,NIFTY23N0919200CE,68055.0,1560160.0,59.1125526245004,116.51169887709113
2023-10-31 13:30:00,105.65,114.2,95.0,96.7,329500,1498650,NIFTY23N0919200CE,95530.0,1553305.0,41.71642982040891,115.74124205912219
2023-10-31 13:35:00,96.1,98.0,93.65,97.0,92400,1537100,NIFTY23N0919200CE,100205.0,1550155.0,42.42634229070933,115.4554645154988
2023-10-31 13:40:00,96.85,100.0,94.15,100.0,48600,1541400,NIFTY23N0919200CE,101820.0,1546750.0,50.033882799885745,115.32249081053322
2023-10-31 13:45:00,99.65,102.25,98.0,99.25,43800,1549150,NIFTY23N0919200CE,103305.0,1544465.0,48.049790058561705,115.21657377411758
2023-10-31 13:50:00,99.25,103.2,98.6,101.65,46850,1557300,NIFTY23N0919200CE,105710.0,1543100.0,55.161991766188244,115.11443354360078
2023-10-31 13:55:00,101.65,102.4,98.6,99.65,41300,1558800,NIFTY23N0919200CE,99075.0,1543810.0,48.27724454325624,115.01967921273909
2023-10-31 14:00:00,99.65,101.7,97.85,100.5,38800,1559600,NIFTY23N0919200CE,94495.0,1544590.0,51.493475042904066,114.93056423052978
2023-10-31 14:05:00,100.5,104.5,100.5,102.05,65300,1550500,NIFTY23N0919200CE,97330.0,1544425.0,57.51521167311203,114.80604572439054
2023-10-31 14:10:00,102.05,105.5,102.0,104.9,61700,1547250,NIFTY23N0919200CE,92920.0,1544285.0,66.94635133021096,114.70715901810028
2023-10-31 14:15:00,104.9,118.1,104.55,116.0,224550,1546000,NIFTY23N0919200CE,99280.0,1544575.0,84.11442918087268,114.6476652744991
2023-10-31 14:20:00,116.0,121.5,112.4,120.9,268850,1494350,NIFTY23N0919200CE,93215.0,1544145.0,87.65311993366964,114.78369532291288
2023-10-31 14:25:00,120.9,121.95,112.4,121.9,168050,1492850,NIFTY23N0919200CE,100780.0,1539720.0,88.31702671219928,114.87474427361869
2023-10-31 14:30:00,122.75,129.9,121.5,129.5,342100,1432650,NIFTY23N0919200CE,130130.0,1528845.0,92.26716453177544,115.41458266723217
2023-10-31 14:35:00,129.6,130.0,116.5,120.75,153400,1430650,NIFTY23N0919200CE,141090.0,1516995.0,62.06630844939757,115.55200578289823
2023-10-31 14:40:00,120.75,123.55,117.6,121.45,68700,1433900,NIFTY23N0919200CE,143275.0,1504655.0,63.26859937238012,115.59831195266872
2023-10-31 14:45:00,121.25,125.15,120.95,121.0,77550,1431500,NIFTY23N0919200CE,146900.0,1491925.0,61.69724295388107,115.66423251783382
2023-10-31 14:50:00,121.35,123.7,113.75,114.05,108800,1438900,NIFTY23N0919200CE,153900.0,1479855.0,41.702031557341265,115.68448537185715
2023-10-31 14:55:00,114.5,116.0,108.0,111.9,130150,1440800,NIFTY23N0919200CE,160385.0,1468885.0,37.057898077363596,115.62548604802868
2023-10-31 15:00:00,111.3,112.1,94.0,98.25,315200,1478450,NIFTY23N0919200CE,185735.0,1462005.0,19.671934719139063,115.10084717403174
2023-10-31 15:05:00,98.25,99.0,89.65,99.0,260050,1528300,NIFTY23N0919200CE,189285.0,1460235.0,22.17949088946268,114.53143367970891
2023-10-31 15:10:00,99.0,104.25,97.0,98.7,173550,1519950,NIFTY23N0919200CE,179755.0,1462795.0,21.838628775174694,114.24933529978081
2023-10-31 15:15:00,98.95,103.1,95.4,100.7,92750,1514550,NIFTY23N0919200CE,172225.0,1464965.0,30.71227692037159,114.10044952393591
2023-10-31 15:20:00,101.0,101.85,98.05,98.7,95050,1492300,NIFTY23N0919200CE,147520.0,1470930.0,26.89547773916489,113.94892709342174
2023-10-31 15:25:00,99.0,100.0,97.5,98.0,135750,1486100,NIFTY23N0919200CE,145755.0,1476475.0,25.50855820557605,113.72278306752787
2023-11-01 09:15:00,95.0,95.5,76.65,95.3,519650,1535350,NIFTY23N0919200CE,190850.0,1486620.0,20.42929124995656,89.14999999999999
2023-11-01 09:20:00,95.3,99.9,89.7,94.65,222100,1582150,NIFTY23N0919200CE,205305.0,1501685.0,19.27436359747924,90.82679137175599
2023-11-01 09:25:00,94.65,94.65,84.5,88.5,127250,1615900,NIFTY23N0919200CE,207150.0,1519385.0,11.55114542386231,90.59101649405446
2023-11-01 09:30:00,88.15,98.3,86.4,94.85,198750,1622650,NIFTY23N0919200CE,214010.0,1537570.0,41.7011263949407,91.07354795910402
2023-11-01 09:35:00,94.85,96.35,91.65,94.0,124950,1653300,NIFTY23N0919200CE,194985.0,1555055.0,39.45099438929006,91.38012981750089
2023-11-01 09:40:00,94.0,96.8,85.7,91.7,88750,1670150,NIFTY23N0919200CE,177855.0,1569240.0,33.36217027348673,91.38150597630288
2023-11-01 09:45:00,91.7,91.7,80.0,82.2,154450,1682100,NIFTY23N0919200CE,175945.0,1585455.0,18.566942616667742,90.65565092740906
2023-11-01 09:50:00,81.65,82.75,77.4,79.65,130550,1714850,NIFTY23N0919200CE,179725.0,1605485.0,16.16207553420768,89.76203889899665
2023-11-01 09:55:00,79.65,80.1,74.8,75.6,157650,1729550,NIFTY23N0919200CE,185985.0,1629210.0,12.856189948504923,88.5798508400518
2023-11-01 10:00:00,75.5,77.05,69.5,72.0,223550,1720100,NIFTY23N0919200CE,194765.0,1652610.0,10.475410218406047,86.77438879333212
2023-11-01 10:05:00,72.0,76.0,70.0,73.9,132400,1729650,NIFTY23N0919200CE,156040.0,1672040.0,20.221970119545286,85.91671273927709
2023-11-01 10:10:00,73.9,77.5,73.0,77.45,96300,1733400,NIFTY23N0919200CE,143460.0,1687165.0,36.394811458904535,85.47717661834416
2023-11-01 10:15:00,77.85,82.8,76.8,81.35,128600,1720150,NIFTY23N0919200CE,143595.0,1697590.0,50.245756675482724,85.18925645530994
2023-11-01 10:20:00,81.0,81.95,75.05,80.6,97150,1728500,NIFTY23N0919200CE,133435.0,1708175.0,47.74636756321657,84.94702829468659
2023-11-01 10:25:00,80.6,80.85,76.7,79.65,41300,1727350,NIFTY23N0919200CE,125070.0,1715580.0,44.26040870197976,84.8476344438078
2023-11-01 10:30:00,79.8,80.95,73.95,74.9,66600,1725250,NIFTY23N0919200CE,122855.0,1721090.0,30.39211870100871,84.62879282868526
2023-11-01 10:35:00,74.75,76.15,72.05,74.2,52700,1738850,NIFTY23N0919200CE,112680.0,1726765.0,28.733630302735076,84.41296158998972
2023-11-01 10:40:00,74.2,79.8,73.5,79.25,68150,1742300,NIFTY23N0919200CE,106440.0,1729510.0,52.237590390652066,84.2343187562955
2023-11-01 10:45:00,79.0,79.45,76.25,78.0,54650,1762100,NIFTY23N0919200CE,96140.0,1732765.0,47.40066400408735,84.10541519270154
2023-11-01 10:50:00,78.0,80.0,77.55,78.65,91300,1762600,NIFTY23N0919200CE,82915.0,1737015.0,50.38671799668782,83.92878343176797
2023-11-01 10:55:00,79.3,81.0,75.7,79.4,94650,1782500,NIFTY23N0919200CE,79140.0,1742300.0,54.14158336497558,83.7564299685989
2023-11-01 11:00:00,79.4,79.9,77.7,78.55,33500,1781750,NIFTY23N0919200CE,72860.0,1747135.0,48.898795894097546,83.69831121591307
2023-11-01 11:05:00,78.55,78.55,73.4,74.4,47550,1786450,NIFTY23N0919200CE,64755.0,1753765.0,30.735076531384525,83.56547219870166
2023-11-01 11:10:00,74.5,76.5,72.5,76.5,57100,1791650,NIFTY23N0919200CE,60750.0,1760080.0,43.91307516558155,83.40612484494062
2023-11-01 11:15:00,76.5,77.0,74.4,75.05,38450,1803550,NIFTY23N0919200CE,60465.0,1767700.0,37.719263150764036,83.30618182116434
2023-11-01 11:20:00,74.75,76.85,73.2,76.0,99050,1799050,NIFTY23N0919200CE,63710.0,1775080.0,44.16851004175428,83.05577356931778
2023-11-01 11:25:00,76.0,78.05,74.9,75.0,38450,1793700,NIFTY23N0919200CE,62285.0,1780565.0,38.872120697609816,82.97040830207237
2023-11-01 11:30:00,75.0,77.4,72.7,76.4,51850,1800000,NIFTY23N0919200CE,60655.0,1786335.0,49.47475194024596,82.85076270052099
2023-11-01 11:35:00,76.4,76.7,73.5,74.0,28850,1806550,NIFTY23N0919200CE,58075.0,1790780.0,36.06876438869667,82.779063400944
2023-11-01 11:40:00,74.0,76.3,73.2,76.2,32900,1805950,NIFTY23N0919200CE,52235.0,1795115.0,51.21548541328551,82.70381537668794
2023-11-01 11:45:00,76.2,79.15,75.95,76.9,54000,1798000,NIFTY23N0919200CE,48170.0,1796665.0,55.41659609895106,82.61732773660587
2023-11-01 11:50:00,76.9,77.0,74.6,77.0,26450,1801150,NIFTY23N0919200CE,47465.0,1798605.0,56.09180734936936,82.56710335542668
2023-11-01 11:55:00,77.0,78.75,76.1,76.8,66900,1803100,NIFTY23N0919200CE,49400.0,1800270.0,54.04552210816397,82.46324604671406
2023-11-01 12:00:00,76.8,77.55,75.5,76.0,16550,1801050,NIFTY23N0919200CE,45345.0,1801210.0,45.7081304948011,82.43403069548519
2023-11-01 12:05:00,76.0,78.0,75.4,77.5,19100,1799100,NIFTY23N0919200CE,43410.0,1800765.0,60.1252803372961,82.40404156435918
2023-11-01 12:10:00,77.5,79.6,77.4,79.0,44850,1793650,NIFTY23N0919200CE,37990.0,1800225.0,70.06259052400436,82.35651639731594
2023-11-01 12:15:00,79.0,85.0,78.0,80.85,121300,1798800,NIFTY23N0919200CE,46275.0,1800735.0,78.37210900234129,82.3208348180431
2023-11-01 12:20:00,80.6,82.35,79.1,81.0,61900,1803800,NIFTY23N0919200CE,47280.0,1801115.0,78.96388417049667,82.29573967261423
2023-11-01 12:25:00,81.0,82.5,79.95,80.65,57450,1812700,NIFTY23N0919200CE,50140.0,1801730.0,73.12792040296308,82.27649020830845
2023-11-01 12:30:00,80.65,80.65,74.45,76.2,80800,1821650,NIFTY23N0919200CE,54930.0,1803300.0,33.62838135326913,82.16780738565743
2023-11-01 12:35:00,75.85,76.45,70.5,72.9,70800,1831100,NIFTY23N0919200CE,56610.0,1806610.0,22.408547029512427,82.00731219833726
2023-11-01 12:40:00,72.9,73.15,70.1,72.1,108600,1860700,NIFTY23N0919200CE,64825.0,1812565.0,20.350989140237036,81.73165046695713
2023-11-01 12:45:00,72.1,72.3,68.7,71.15,77150,1869450,NIFTY23N0919200CE,65850.0,1819200.0,17.909941953120825,81.52463317092975
2023-11-01 12:50:00,70.95,73.1,68.85,71.1,51350,1883700,NIFTY23N0919200CE,69330.0,1827465.0,17.76971627214815,81.39481155340623
2023-11-01 12:55:00,71.1,71.95,70.0,70.85,30100,1884350,NIFTY23N0919200CE,70430.0,1835990.0,16.94073331418562,81.31959496311512
2023-11-01 13:00:00,70.85,70.85,65.25,69.95,126550,1893400,NIFTY23N0919200CE,78600.0,1845965.0,14.001398608291701,80.9488277687611
2023-11-01 13:05:00,69.95,70.0,65.6,66.3,94300,1922700,NIFTY23N0919200CE,75900.0,1858355.0,7.449201715242015,80.65679308571384
2023-11-01 13:10:00,66.3,67.0,57.25,58.75,244450,1969100,NIFTY23N0919200CE,94155.0,1874885.0,3.3707039450862357,79.62382633775819
2023-11-01 13:15:00,58.55,60.45,55.25,59.75,284450,1998100,NIFTY23N0919200CE,116855.0,1893425.0,11.401861622396686,78.40559911132719
2023-11-01 13:20:00,59.9,61.8,57.7,58.7,117450,2052300,NIFTY23N0919200CE,120520.0,1916490.0,10.280413397437243,77.96389705130615
2023-11-01 13:25:00,59.0,62.0,57.5,61.3,144200,2090700,NIFTY23N0919200CE,127860.0,1942450.0,31.21968921975071,77.47293624607609
2023-11-01 13:30:00,61.3,63.5,59.55,61.2,120150,2095950,NIFTY23N0919200CE,129015.0,1965975.0,30.873276538595576,77.11017566127616
2023-11-01 13:35:00,61.2,62.25,60.2,61.95,66700,2093800,NIFTY23N0919200CE,127970.0,1988410.0,37.386615263543106,76.91640032561392
2023-11-01 13:40:00,61.85,66.45,59.75,66.25,113250,2099100,NIFTY23N0919200CE,134160.0,2009950.0,62.62481066639796,76.653430521073
2023-11-01 13:45:00,66.0,67.0,62.8,64.55,64950,2114250,NIFTY23N0919200CE,137645.0,2032940.0,52.2223115559316,76.51484043095029
2023-11-01 13:50:00,64.95,65.45,62.0,63.3,67850,2125600,NIFTY23N0919200CE,131775.0,2056160.0,45.30539844313805,76.3590170048395
2023-11-01 13:55:00,63.45,63.7,60.25,61.15,78950,2138900,NIFTY23N0919200CE,130240.0,2077780.0,35.2634229908277,76.15632169816277
2023-11-01 14:00:00,61.15,63.6,60.5,61.8,57350,2149600,NIFTY23N0919200CE,111530.0,2095830.0,40.266870835534476,76.01521372856718
2023-11-01 14:05:00,61.65,63.85,59.7,62.85,82850,2165150,NIFTY23N0919200CE,91370.0,2112535.0,48.33064956675728,75.81860971982427
2023-11-01 14:10:00,62.85,63.4,58.35,60.25,49400,2171250,NIFTY23N0919200CE,84565.0,2124430.0,34.08734932081507,75.69172924471265
2023-11-01 14:15:00,60.25,61.9,58.0,61.6,93850,2174900,NIFTY23N0919200CE,79530.0,2132850.0,44.670504024629224,75.45383368234289
2023-11-01 14:20:00,61.6,61.6,59.2,60.9,56550,2168250,NIFTY23N0919200CE,73170.0,2140080.0,40.45989072829815,75.31467483236084
2023-11-01 14:25:00,60.9,60.9,58.8,59.05,138350,2179300,NIFTY23N0919200CE,80335.0,2148630.0,30.852616165647547,74.96295965611138
2023-11-01 14:30:00,59.4,60.45,55.6,59.45,203750,2223550,NIFTY23N0919200CE,89385.0,2161075.0,35.02261561836136,74.43817351919647
2023-11-01 14:35:00,59.95,60.15,57.7,59.2,82800,2240150,NIFTY23N0919200CE,91170.0,2173665.0,33.44680191409966,74.24095658419053
2023-11-01 14:40:00,59.2,59.3,57.05,57.9,79300,2244750,NIFTY23N0919200CE,92315.0,2185580.0,25.878361078761845,74.04545474196026
2023-11-01 14:45:00,57.75,60.3,57.2,59.9,89950,2249300,NIFTY23N0919200CE,93415.0,2196620.0,48.353030842633245,73.84356196582804
2023-11-01 14:50:00,59.8,60.35,58.0,59.5,76550,2237950,NIFTY23N0919200CE,95335.0,2205455.0,44.9459759608328,73.67771090014483
2023-11-01 14:55:00,59.5,64.0,59.2,61.3,130400,2244150,NIFTY23N0919200CE,100090.0,2213355.0,60.5728816502413,73.44591702185633
2023-11-01 15:00:00,61.3,62.9,54.95,55.45,237350,2252350,NIFTY23N0919200CE,118885.0,2221465.0,28.132511462231804,72.92089003007366
2023-11-01 15:05:00,55.45,56.3,54.1,54.7,171650,2283500,NIFTY23N0919200CE,126665.0,2232325.0,25.908838475488537,72.49795839187489
2023-11-01 15:10:00,54.85,56.4,53.15,53.3,132250,2298400,NIFTY23N0919200CE,134235.0,2245340.0,21.87446075530574,72.1720834094286
2023-11-01 15:15:00,53.2,53.45,50.0,50.7,413450,2327800,NIFTY23N0919200CE,161745.0,2260190.0,16.066681284646833,71.07092285354345
2023-11-01 15:20:00,50.7,51.4,50.1,50.45,238050,2373500,NIFTY23N0919200CE,165175.0,2275185.0,15.569822362428418,70.46656275317905
2023-11-01 15:25:00,50.5,51.25,49.5,50.2,335600,2387150,NIFTY23N0919200CE,190455.0,2289885.0,14.990355173227504,69.65952324121977
2023-11-02 09:15:00,84.55,97.2,70.0,96.6,1711700,2345750,NIFTY23N0919200CE,353695.0,2299985.0,91.17646484916877,87.93333333333332
2023-11-02 09:20:00,96.5,103.8,94.5,100.7,1135000,2412650,NIFTY23N0919200CE,458200.0,2316320.0,91.97121948643631,92.61149869439467
2023-11-02 09:25:00,100.3,103.05,96.55,101.65,911300,2533650,NIFTY23N0919200CE,541675.0,2345890.0,92.1753487193724,94.50422077346107
2023-11-02 09:30:00,101.6,103.5,99.25,102.7,800500,2649450,NIFTY23N0919200CE,608685.0,2386420.0,92.44087224743589,95.7883302255859
2023-11-02 09:35:00,102.2,108.55,99.0,108.3,847200,2788550,NIFTY23N0919200CE,669670.0,2440040.0,93.83546415716579,97.2764199517793
2023-11-02 09:40:00,108.2,109.4,103.15,104.15,595500,2862900,NIFTY23N0919200CE,712055.0,2497980.0,80.139511938901,98.09906240974028
2023-11-02 09:45:00,104.1,104.65,99.15,101.8,452950,2894300,NIFTY23N0919200CE,744125.0,2557570.0,72.63533684088824,98.36347156480714
2023-11-02 09:50:00,101.6,102.7,93.4,100.85,695250,2879400,NIFTY23N0919200CE,772305.0,2612730.0,69.35369178366328,98.42375059445548
2023-11-02 09:55:00,100.05,101.7,90.5,93.2,572800,3015550,NIFTY23N0919200CE,805780.0,2676935.0,47.673314300562616,98.17968141634941
2023-11-02 10:00:00,93.5,95.95,92.3,93.9,409900,3079300,NIFTY23N0919200CE,813210.0,2746150.0,49.4796972201035,97.97152406307514
2023-11-02 10:05:00,94.15,95.95,93.1,95.6,330150,3159250,NIFTY23N0919200CE,675055.0,2827500.0,54.27185460140188,97.85104001102938
2023-11-02 10:10:00,95.5,96.8,85.45,88.0,888150,3302100,NIFTY23N0919200CE,650370.0,2916445.0,35.469991221351286,97.11322251810975
2023-11-02 10:15:00,87.6,89.25,85.5,87.55,399300,3331750,NIFTY23N0919200CE,599170.0,2996255.0,34.58324189582532,96.71678162746889
2023-11-02 10:20:00,87.4,88.5,82.25,82.8,437750,3306400,NIFTY23N0919200CE,562895.0,3061950.0,26.00515648473109,96.19254834788556
2023-11-02 10:25:00,82.8,83.6,80.0,82.75,417500,3345000,NIFTY23N0919200CE,519925.0,3117595.0,25.920559391421254,95.63840329280194
2023-11-02 10:30:00,82.65,84.5,81.95,82.85,371300,3423400,NIFTY23N0919200CE,497505.0,3173645.0,26.518166783711493,95.21425942375583
2023-11-02 10:35:00,82.7,83.0,78.25,79.0,430600,3547200,NIFTY23N0919200CE,495270.0,3238935.0,19.102143157192536,94.64307835496507
2023-11-02 10:40:00,79.0,80.0,78.0,79.65,419100,3455100,NIFTY23N0919200CE,467655.0,3296505.0,23.610555195418325,94.09638154510489
2023-11-02 10:45:00,79.6,81.15,79.4,79.85,294750,3500600,NIFTY23N0919200CE,439850.0,3345010.0,25.21356459905315,93.75682950104641
2023-11-02 10:50:00,79.85,80.65,75.0,75.15,712600,3608200,NIFTY23N0919200CE,470120.0,3397900.0,15.59834628714704,92.82266421471225
2023-11-02 10:55:00,75.3,76.45,73.6,75.25,464100,3774750,NIFTY23N0919200CE,483515.0,3459450.0,16.445779434940533,92.20411559151916
2023-11-02 11:00:00,75.2,76.5,72.3,76.5,363400,3821750,NIFTY23N0919200CE,431040.0,3511415.0,27.776398950705566,91.7491176700242
2023-11-02 11:05:00,76.45,77.85,75.4,76.55,227900,3903950,NIFTY23N0919200CE,413900.0,3568635.0,28.26280576980688,91.50053544728209
2023-11-02 11:10:00,76.25,81.4,76.15,80.95,432750,3928350,NIFTY23N0919200CE,413400.0,3630830.0,58.79116802957463,91.13791631899471
2023-11-02 11:15:00,80.75,81.6,76.8,77.35,370000,3963850,NIFTY23N0919200CE,408650.0,3692715.0,40.96288576098798,90.8217327084801
2023-11-02 11:20:00,77.5,77.5,74.25,74.5,238000,3991800,NIFTY23N0919200CE,395320.0,3749555.0,31.507759930174622,90.5761506061286
2023-11-02 11:25:00,74.5,75.7,73.35,75.35,235050,4037550,NIFTY23N0919200CE,375765.0,3798590.0,36.934657286399435,90.33162001165002
2023-11-02 11:30:00,75.35,75.75,73.4,74.55,209100,4037300,NIFTY23N0919200CE,354765.0,3856810.0,33.785318851000405,90.11719712147232
2023-11-02 11:35:00,74.5,74.5,68.8,71.05,699550,4136850,NIFTY23N0919200CE,395245.0,3920435.0,23.041071434711295,89.30474668416998
2023-11-02 11:40:00,70.85,71.1,64.7,65.25,871000,4222650,NIFTY23N0919200CE,411085.0,3981880.0,13.890657456597022,88.1590463867077
2023-11-02 11:45:00,64.8,66.0,60.9,61.65,1316700,4499050,NIFTY23N0919200CE,496345.0,4054310.0,10.618778927646755,86.33413564173264
2023-11-02 11:50:00,61.85,63.75,61.25,62.05,638400,4743350,NIFTY23N0919200CE,523845.0,4146470.0,13.450221984286463,85.52397268851058
2023-11-02 11:55:00,61.9,63.75,61.6,61.65,720700,5015350,NIFTY23N0919200CE,573125.0,4257610.0,12.937908670147014,84.67211048787927
2023-11-02 12:00:00,61.75,62.65,61.35,62.0,287150,5029850,NIFTY23N0919200CE,558565.0,4367760.0,16.41989582516931,84.34507658908966
2023-11-02 12:05:00,61.95,62.6,59.6,60.5,436800,5170750,NIFTY23N0919200CE,565245.0,4488450.0,13.522607371313551,83.84169181753089
2023-11-02 12:10:00,60.35,66.55,60.1,65.05,447750,5213750,NIFTY23N0919200CE,586220.0,4610645.0,48.18731719162787,83.41224574127915
2023-11-02 12:15:00,65.2,67.8,64.95,67.05,283600,5239100,NIFTY23N0919200CE,591075.0,4730800.0,57.539247837294674,83.18601103980578
2023-11-02 12:20:00,67.2,69.9,65.4,69.8,308450,5237550,NIFTY23N0919200CE,601010.0,4850825.0,67.59279791811699,82.97224883906901
2023-11-02 12:25:00,69.8,70.65,68.95,69.75,321550,5262050,NIFTY23N0919200CE,563210.0,4963345.0,67.23101442284751,82.7768631245129
2023-11-02 12:30:00,69.5,70.6,67.15,68.1,240500,5285300,NIFTY23N0919200CE,500160.0,5069610.0,55.07189096579353,82.62168377324387
2023-11-02 12:35:00,68.0,68.45,65.75,67.4,241800,5301700,NIFTY23N0919200CE,392670.0,5149875.0,50.25227493898302,82.45361820780873
2023-11-02 12:40:00,67.35,74.85,67.25,72.1,523300,5328250,NIFTY23N0919200CE,381160.0,5208365.0,71.31870758918674,82.19892239465571
2023-11-02 12:45:00,72.0,75.0,71.55,72.25,317150,5324350,NIFTY23N0919200CE,340805.0,5239265.0,71.79518729509405,82.0713133287013
2023-11-02 12:50:00,72.2,74.85,71.85,73.55,218050,5356800,NIFTY23N0919200CE,333895.0,5271960.0,76.09707312238602,81.99013197941156
2023-11-02 12:55:00,73.5,75.45,73.0,74.0,179450,5362950,NIFTY23N0919200CE,308160.0,5291180.0,77.57689864807126,81.93007299737465
2023-11-02 13:00:00,74.0,76.85,73.95,74.85,372700,5338650,NIFTY23N0919200CE,300655.0,5303670.0,80.43659718696523,81.82493535925687
2023-11-02 13:05:00,74.85,75.7,72.9,73.75,249400,5388800,NIFTY23N0919200CE,297235.0,5318640.0,66.68018600152728,81.74499215444924
2023-11-02 13:10:00,73.75,76.55,71.4,76.55,264050,5411550,NIFTY23N0919200CE,292795.0,5336040.0,78.42204920550274,81.66992429555378
2023-11-02 13:15:00,76.05,77.7,75.0,75.8,453300,5336500,NIFTY23N0919200CE,305970.0,5343485.0,70.145530563946,81.569192144543
2023-11-02 13:20:00,75.9,76.15,73.15,73.45,295600,5322950,NIFTY23N0919200CE,311480.0,5347250.0,49.63041292834341,81.48285911522294
2023-11-02 13:25:00,73.4,77.3,69.65,71.6,506100,5299000,NIFTY23N0919200CE,337910.0,5346980.0,38.53897117320375,81.31196891262641
2023-11-02 13:30:00,71.6,76.0,71.55,73.1,311250,5311600,NIFTY23N0919200CE,316705.0,5345315.0,49.88912279810262,81.21861076439743
2023-11-02 13:35:00,73.1,76.25,73.05,76.25,191850,5322050,NIFTY23N0919200CE,304175.0,5345085.0,66.24995781259503,81.17419653046154
2023-11-02 13:40:00,76.0,76.2,74.05,75.75,247750,5358950,NIFTY23N0919200CE,307145.0,5345300.0,62.21936873197646,81.11921129793231
2023-11-02 13:45:00,75.65,77.0,74.3,77.0,236800,5368950,NIFTY23N0919200CE,312880.0,5345900.0,68.2548315124833,81.07445209752595
2023-11-02 13:50:00,77.0,91.35,76.7,91.25,2081950,4814000,NIFTY23N0919200CE,483805.0,5293435.0,90.31107929195836,81.46406047113943
2023-11-02 13:55:00,91.3,94.85,90.45,93.2,1694650,4249200,NIFTY23N0919200CE,628330.0,5179475.0,91.34025358602575,82.09928521738557
2023-11-02 14:00:00,93.2,94.4,86.7,89.4,672250,4123850,NIFTY23N0919200CE,669150.0,5050705.0,72.56452208720101,82.27421251281456
2023-11-02 14:05:00,89.25,90.55,85.25,90.0,320450,4110600,NIFTY23N0919200CE,655865.0,4928115.0,73.63420057945396,82.33892725186972
2023-11-02 14:10:00,90.0,90.85,87.0,88.65,333050,4149900,NIFTY23N0919200CE,659610.0,4810810.0,66.35766947882662,82.4072529257939
2023-11-02 14:15:00,88.55,92.85,87.75,88.7,502600,4191100,NIFTY23N0919200CE,659260.0,4700020.0,66.51088218020537,82.52226933152981
2023-11-02 14:20:00,88.4,89.9,84.55,88.4,540100,4229550,NIFTY23N0919200CE,682145.0,4591815.0,64.3141530218688,82.60641424574698
2023-11-02 14:25:00,88.2,88.95,83.65,83.65,359600,4273400,NIFTY23N0919200CE,698920.0,4486950.0,38.89150007088312,82.63698287453171
2023-11-02 14:30:00,83.95,87.0,83.15,85.7,323200,4337100,NIFTY23N0919200CE,706465.0,4384765.0,49.63230145391408,82.66260436590613
2023-11-02 14:35:00,85.5,87.5,85.0,86.2,299350,4335900,NIFTY23N0919200CE,712720.0,4281460.0,52.19408736349682,82.6943398205741
2023-11-02 14:40:00,86.75,88.25,84.6,85.0,340000,4357800,NIFTY23N0919200CE,538525.0,4235840.0,45.284369625037286,82.72687584811565
2023-11-02 14:45:00,85.2,87.6,84.25,85.75,391000,4399800,NIFTY23N0919200CE,408160.0,4250900.0,50.41295144661437,82.76255062356218
2023-11-02 14:50:00,85.75,90.5,84.6,89.55,747150,4481700,NIFTY23N0919200CE,415650.0,4286685.0,68.88427864751584,82.87845174321512
2023-11-02 14:55:00,89.9,93.8,88.85,93.75,687850,4511600,NIFTY23N0919200CE,452390.0,4326785.0,79.45672079467523,83.0560365204454
2023-11-02 15:00:00,93.55,97.4,93.0,93.35,1119350,4461700,NIFTY23N0919200CE,531020.0,4357965.0,76.367665567795,83.4050811289935
2023-11-02 15:05:00,93.5,96.3,92.3,94.2,739100,4487450,NIFTY23N0919200CE,554670.0,4387600.0,78.57968914506995,83.6179864627908
2023-11-02 15:10:00,94.05,95.7,93.35,94.5,661200,4480800,NIFTY23N0919200CE,566780.0,4412725.0,79.42915814613082,83.80580878868163
2023-11-02 15:15:00,94.55,97.5,93.6,97.15,1089850,4485900,NIFTY23N0919200CE,639805.0,4433975.0,85.69364393245213,84.14492884659249
2023-11-02 15:20:00,97.05,104.65,96.65,104.6,1393600,4503100,NIFTY23N0919200CE,746845.0,4450575.0,93.08929266756674,84.75290948398963
2023-11-02 15:25:00,104.45,111.0,102.65,110.5,2430150,4428100,NIFTY23N0919200CE,959925.0,4459795.0,95.42865323152023,86.06100660609316
2023-11-03 09:15:00,140.4,164.85,140.4,151.0,5130050,4439050,NIFTY23N0919200CE,1438930.0,4467920.0,98.82924341575747,152.08333333333334
2023-11-03 09:20:00,151.4,160.2,151.35,152.0,2194750,4395300,NIFTY23N0919200CE,1619305.0,4467470.0,98.85552026131111,152.812439702563
2023-11-03 09:25:00,151.65,158.2,149.0,153.2,1731450,4463200,NIFTY23N0919200CE,1717735.0,4465620.0,98.8927959390616,152.93752031285945
2023-11-03 09:30:00,153.15,168.35,153.0,156.8,2786700,4388650,NIFTY23N0919200CE,1927620.0,4453325.0,99.01330795083139,154.45424943391077
2023-11-03 09:35:00,156.35,164.2,153.2,162.7,1392150,4455800,NIFTY23N0919200CE,1954900.0,4452735.0,99.1932054567956,155.04109212120298
2023-11-03 09:40:00,162.7,163.55,155.55,155.8,959850,4438050,NIFTY23N0919200CE,1976975.0,4447795.0,78.31870452696134,155.26145659782765
2023-11-03 09:45:00,155.8,159.95,145.4,148.3,1706700,4462300,NIFTY23N0919200CE,2081525.0,4445945.0,60.90443441682833,154.8273354232632
2023-11-03 09:50:00,148.3,155.6,141.1,154.4,1835300,4502550,NIFTY23N0919200CE,2156070.0,4447610.0,68.11277221008086,154.36577549503534
2023-11-03 09:55:00,154.55,156.4,149.15,151.45,1056950,4554150,NIFTY23N0919200CE,2122405.0,4452715.0,61.282382757801145,154.25147299567058
2023-11-03 10:00:00,151.7,155.0,145.8,153.4,1398250,4609050,NIFTY23N0919200CE,2019215.0,4470810.0,64.24500475597809,154.05401645358882
2023-11-03 10:05:00,153.8,154.25,149.1,153.25,789450,4607300,NIFTY23N0919200CE,1585155.0,4487635.0,63.775770193049254,153.9842575558267
2023-11-03 10:10:00,153.0,153.55,143.5,148.45,907500,4610550,NIFTY23N0919200CE,1456430.0,4509160.0,49.356199496936554,153.75688577115247
2023-11-03 10:15:00,148.5,150.2,145.5,145.8,460650,4647700,NIFTY23N0919200CE,1329350.0,4527610.0,42.69452439107594,153.62105497078642
2023-11-03 10:20:00,145.75,150.05,136.85,140.05,1285950,4707400,NIFTY23N0919200CE,1179275.0,4559485.0,31.25335595800804,153.0060159349346
2023-11-03 10:25:00,140.2,142.0,135.1,137.85,858700,4743450,NIFTY23N0919200CE,1125930.0,4588250.0,27.702869905623103,152.4910515260631
2023-11-03 10:30:00,138.15,139.0,131.7,135.55,959750,4658200,NIFTY23N0919200CE,1125920.0,4610265.0,24.121776779191357,151.84726099018562
2023-11-03 10:35:00,135.55,136.85,132.35,133.1,575850,4719000,NIFTY23N0919200CE,1012835.0,4635935.0,20.579559561745835,151.45464630554488
2023-11-03 10:40:00,133.1,134.8,130.8,132.35,533400,4777100,NIFTY23N0919200CE,882645.0,4663390.0,19.484684734766706,151.07704410329
2023-11-03 10:45:00,132.35,139.95,131.2,139.05,930450,4805600,NIFTY23N0919200CE,869995.0,4688535.0,49.49134888910664,150.59162261135975
2023-11-03 10:50:00,139.05,139.5,134.7,137.4,565950,4853550,NIFTY23N0919200CE,786765.0,4712985.0,44.397806883435464,150.32152129856
2023-11-03 10:55:00,137.4,143.65,133.1,141.35,953600,4865000,NIFTY23N0919200CE,803180.0,4738755.0,57.489826406077015,149.96146183028074
2023-11-03 11:00:00,141.45,144.5,139.4,144.15,733800,4911350,NIFTY23N0919200CE,785810.0,4768835.0,64.82792666575905,149.78192591795755
2023-11-03 11:05:00,144.0,148.0,139.6,141.65,1124950,4877550,NIFTY23N0919200CE,852240.0,4791820.0,54.355926189287864,149.537835962186
2023-11-03 11:10:00,141.45,143.9,139.45,140.9,422200,4913500,NIFTY23N0919200CE,765865.0,4812430.0,51.25133802878508,149.42827121083093
2023-11-03 11:15:00,140.9,144.75,137.0,138.25,571000,4913850,NIFTY23N0919200CE,737095.0,4829470.0,40.927011078370384,149.25932460075495
2023-11-03 11:20:00,138.15,141.5,135.05,138.7,481800,4894500,NIFTY23N0919200CE,689300.0,4853100.0,43.34936703069034,149.0978268306997
2023-11-03 11:25:00,138.7,140.5,132.05,132.05,510550,4896500,NIFTY23N0919200CE,682770.0,4870850.0,24.66571258382121,148.8767000074057
2023-11-03 11:30:00,132.9,135.6,127.5,134.55,1119850,4866100,NIFTY23N0919200CE,741415.0,4879750.0,37.35394608257185,148.33859602394327
2023-11-03 11:35:00,134.55,138.35,132.5,136.3,498000,4894200,NIFTY23N0919200CE,698170.0,4888610.0,45.40042362919267,148.1562720053294
2023-11-03 11:40:00,136.35,137.35,131.3,132.4,468150,4907250,NIFTY23N0919200CE,688390.0,4893980.0,33.436584521726445,147.96237421433142
2023-11-03 11:45:00,132.4,135.35,130.7,131.8,630650,4951750,NIFTY23N0919200CE,656095.0,4902655.0,31.823860068116495,147.69033072049572
2023-11-03 11:50:00,131.6,132.35,125.95,129.9,848900,4989400,NIFTY23N0919200CE,667605.0,4910460.0,26.72208835379965,147.2640463623281
2023-11-03 11:55:00,129.85,131.0,127.2,127.75,469350,5024450,NIFTY23N0919200CE,602045.0,4925150.0,21.782685404964102,147.0272372824541
2023-11-03 12:00:00,127.65,130.6,127.2,129.5,393250,5052100,NIFTY23N0919200CE,599150.0,4939010.0,34.1642481408702,146.8381605667208
2023-11-03 12:05:00,129.5,132.95,128.95,131.65,939800,5195950,NIFTY23N0919200CE,636030.0,4967220.0,47.03900702755478,146.45327746770383
2023-11-03 12:10:00,131.65,135.0,129.45,133.15,671800,5174900,NIFTY23N0919200CE,655030.0,4995260.0,54.755286662519055,146.21286534635732
2023-11-03 12:15:00,133.15,135.9,132.6,134.7,539400,5183800,NIFTY23N0919200CE,657915.0,5023990.0,61.92139432048047,146.05129413649078
2023-11-03 12:20:00,134.7,135.5,131.55,132.55,341400,5168850,NIFTY23N0919200CE,580070.0,5054265.0,48.58027590008395,145.94099688062363
2023-11-03 12:25:00,132.6,135.15,130.75,133.85,406450,5162850,NIFTY23N0919200CE,570915.0,5081130.0,55.78098807153677,145.81263320782952
2023-11-03 12:30:00,133.85,134.0,130.0,133.2,421650,5172000,NIFTY23N0919200CE,566265.0,5107605.0,51.29174423700211,145.67335851822847
2023-11-03 12:35:00,132.8,137.0,131.6,136.0,431350,5144850,NIFTY23N0919200CE,546335.0,5126915.0,66.01795922383393,145.55976865987452
2023-11-03 12:40:00,136.1,142.5,135.7,137.55,1451050,5108750,NIFTY23N0919200CE,606550.0,5138850.0,71.89720654479532,145.32151367518853
2023-11-03 12:45:00,137.55,140.6,136.45,138.35,566400,5135050,NIFTY23N0919200CE,616255.0,5149910.0,74.71905612372666,145.23133665000975
2023-11-03 12:50:00,138.35,139.0,134.15,136.1,553800,5116850,NIFTY23N0919200CE,632310.0,5156385.0,55.22432238533462,145.11939714592228
2023-11-03 12:55:00,136.1,139.45,135.65,139.45,308450,5132500,NIFTY23N0919200CE,569175.0,5150040.0,69.85974244484926,145.0706823111872
2023-11-03 13:00:00,139.5,140.75,134.4,136.0,590900,5161150,NIFTY23N0919200CE,561085.0,5148665.0,49.17025316262006,144.96419832555574
2023-11-03 13:05:00,136.0,136.9,131.45,136.7,477400,5188450,NIFTY23N0919200CE,554885.0,5149130.0,52.72145875708855,144.8586325210011
2023-11-03 13:10:00,136.7,138.9,132.4,133.2,458150,5249350,NIFTY23N0919200CE,566560.0,5157180.0,36.697383208300344,144.75756074070895
2023-11-03 13:15:00,133.2,134.95,131.0,134.2,433850,5246900,NIFTY23N0919200CE,569300.0,5165585.0,42.895990683695345,144.64999849236847
2023-11-03 13:20:00,134.4,137.7,134.0,136.65,390950,5222700,NIFTY23N0919200CE,566230.0,5170655.0,56.069808806399244,144.57789554410311
2023-11-03 13:25:00,136.65,140.8,135.75,137.55,556200,5196000,NIFTY23N0919200CE,578715.0,5175770.0,60.27771213866912,144.50015721709022
2023-11-03 13:30:00,137.7,138.4,135.65,137.1,312600,5188950,NIFTY23N0919200CE,464870.0,5183790.0,56.87293774342631,144.45075023503958
2023-11-03 13:35:00,137.1,140.0,135.2,138.35,347100,5164550,NIFTY23N0919200CE,442940.0,5186740.0,63.94443528047143,144.40250042733197
2023-11-03 13:40:00,138.35,142.2,137.15,138.25,739350,5145200,NIFTY23N0919200CE,461495.0,5189575.0,62.91285995185017,144.32273772271978
2023-11-03 13:45:00,138.25,139.5,132.65,134.45,587950,5142850,NIFTY23N0919200CE,489445.0,5190610.0,35.61869528166925,144.21686731807952
2023-11-03 13:50:00,134.35,137.0,132.7,136.2,337300,5138350,NIFTY23N0919200CE,464085.0,5188330.0,48.48440064033123,144.15567278376128
2023-11-03 13:55:00,136.2,136.2,132.05,133.45,326300,5169050,NIFTY23N0919200CE,448975.0,5186390.0,34.81736366244801,144.08803467174124
2023-11-03 14:00:00,133.1,137.45,131.7,136.05,424850,5151800,NIFTY23N0919200CE,445645.0,5176635.0,51.10582687358216,144.01122695321138
2023-11-03 14:05:00,136.05,137.85,134.2,134.65,283800,5137950,NIFTY23N0919200CE,430640.0,5165740.0,43.747687764350886,143.96347146473352
2023-11-03 14:10:00,134.65,135.6,132.2,134.75,385450,5120450,NIFTY23N0919200CE,430090.0,5155515.0,44.46164559220912,143.8889255325916
2023-11-03 14:15:00,134.75,138.25,134.5,136.2,411750,5132750,NIFTY23N0919200CE,415645.0,5149190.0,54.848467621291256,143.8277682535884
2023-11-03 14:20:00,136.05,138.8,135.75,137.7,326050,5114050,NIFTY23N0919200CE,416990.0,5141700.0,63.64134084412105,143.78702672878902
2023-11-03 14:25:00,138.1,145.45,134.4,145.45,1089550,5097750,NIFTY23N0919200CE,491235.0,5135020.0,83.89574377620619,143.74501501997256
2023-11-03 14:30:00,145.45,145.45,132.05,133.7,1063300,5065150,NIFTY23N0919200CE,523630.0,5127015.0,40.81044571722411,143.61218559164888
2023-11-03 14:35:00,133.7,135.5,127.5,127.9,1194100,5079800,NIFTY23N0919200CE,584245.0,5120710.0,30.99034874256757,143.32133783008229
2023-11-03 14:40:00,128.1,129.65,122.0,123.3,1437850,5071700,NIFTY23N0919200CE,694300.0,5114045.0,25.021421684344297,142.85126671022593
2023-11-03 14:45:00,123.85,125.45,113.5,119.8,2204250,5204300,NIFTY23N0919200CE,882095.0,5117570.0,21.14751333778647,141.97148095765777
2023-11-03 14:50:00,119.8,119.9,109.4,118.45,2142250,5364250,NIFTY23N0919200CE,1053835.0,5138815.0,19.678564999946317,141.04796718104504
2023-11-03 14:55:00,118.45,125.6,116.4,123.3,1881400,5225050,NIFTY23N0919200CE,1213595.0,5147525.0,38.77639744514537,140.46587780872022
2023-11-03 15:00:00,124.8,127.85,117.65,118.7,1836700,5094250,NIFTY23N0919200CE,1358720.0,5144905.0,30.24940983458031,139.92005374856635
2023-11-03 15:05:00,118.7,120.35,111.2,117.4,1476850,4979350,NIFTY23N0919200CE,1465230.0,5129565.0,28.068941692054025,139.38894373461153
2023-11-03 15:10:00,117.7,121.3,116.3,119.25,1118700,4849100,NIFTY23N0919200CE,1544495.0,5103070.0,36.244023892140774,139.0464080263901
2023-11-03 15:15:00,119.5,123.0,118.4,122.3,1320500,4823250,NIFTY23N0919200CE,1567590.0,5075620.0,48.342872777507466,138.70086376888662
2023-11-03 15:20:00,122.9,124.0,120.6,121.8,1430650,4773200,NIFTY23N0919200CE,1604325.0,5046425.0,46.53333557721155,138.3598398712582
2023-11-03 15:25:00,122.7,123.0,115.8,115.8,1284500,4683250,NIFTY23N0919200CE,1613365.0,5006770.0,29.80098540773672,137.99402458328007
2023-11-03 15:30:00,116.9,116.9,116.9,116.9,0,4683250,NIFTY23N0919200CE,1469580.0,4967925.0,35.145227784184755,137.99402458328007
2023-11-03 16:15:00,116.9,116.9,116.9,116.9,0,4683250,NIFTY23N0919200CE,1249155.0,4915820.0,35.145227784184755,137.99402458328007
2023-11-03 16:35:00,116.9,116.9,116.9,116.9,0,4683250,NIFTY23N0919200CE,1034930.0,4847720.0,35.14522778418476,137.99402458328007
2023-11-03 16:45:00,116.9,116.9,116.9,116.9,0,4683250,NIFTY23N0919200CE,846790.0,4793540.0,35.14522778418476,137.99402458328007
2023-11-03 17:20:00,116.9,116.9,116.9,116.9,0,4683250,NIFTY23N0919200CE,663120.0,4752440.0,35.145227784184755,137.99402458328007
